Set,Price_Euro,Pieces,Minifigs
Corner Garage,179.99,2569,6
Ford Mustang,169.99,1471,NaN
NASA Apollo 11 Lunar Lander,99.99,1087,2
Gingerbread House,89.99,1477,2
Harley-Davidson Fat Boy,89.99,1023,NaN
Woody & RC,9.74,69,1
Duke Caboom's Stunt Show,19.49,120,2
Buzz and Bo Peep's Playground Adventure,24.36,139,3
RV Vacation,34.11,178,3
Buzz & Woody's Carnival Mania!,49.99,230,5
Carnival Thrill Coaster,19.49,98,2
My First Tow Truck,9.74,11,NaN
My First Balancing Animals,14.61,15,NaN
My First Fun Puzzle,19.49,15,NaN
My First Car Creations,19.99,34,NaN
Creative Fun,34.99,120,1
Mickey's Vacation House,48.73,57,3
Spider-Man vs. Electro,19.99,29,2
Toy Story Train,19.99,21,2
Emmet and Lucy's Visitors from the DUPLO Planet,29.99,53,2
My First Minnie Build,9.99,10,NaN
My First Mickey Build,9.74,9,NaN
Frozen Ice Castle,49.99,59,3
Police Bike,9.99,8,1
Fire Truck,19.99,21,2
Police Station,29.99,38,3
Fire Station,49.99,76,2
Baby Animals,9.74,9,NaN
Tropical Island,59.99,73,3
World Animals,99.99,121,6
Plane,9.99,12,1
Submarine Adventure,19.99,24,2
Bricks and Ideas,9.99,123,NaN
Basic Brick Set ,19.99,300,NaN
Bricks and Eyes ,29.23,451,NaN
Windows of Creativity,29.23,450,NaN
Creative Fun,34.11,900,NaN
Star Wars: Build Your Own Adventure Galactic Missions parts,NaN,66,1
The Book of Bedtime Builds parts,NaN,68,NaN
Harry Potter: Build Your Own Adventure parts,NaN,101,1
Christmas Ideas parts,NaN,41,NaN
Wooden Minifigure parts,NaN,29,NaN
San Francisco,49.99,565,NaN
Paris,49.99,649,NaN
Trafalgar Square,79.99,1197,NaN
Empire State Building,99.99,1767,NaN
Burj Khalifa,39.99,333,NaN
Minecraft Steve BigFig with Parrot,14.99,159,NaN
Minecraft Alex BigFig with Chicken,14.99,160,NaN
Minecraft Skeleton BigFig with Magma Cube,14.99,142,NaN
The End Battle,19.99,222,2
The Pirate Ship Adventure,49.99,386,3
The Wool Farm,19.99,260,1
The Blaze Bridge,39.99,372,4
The Creeper Mine,79.99,834,4
The Flintstones,58.48,748,4
Steamboat Willie,87.72,751,2
Tree House,249.99,3036,4
Central Perk,79.99,1070,7
Dinosaur Fossils,59.99,910,2
My First Duck,NaN,6,NaN
Town Rescue - {Random Bag},NaN,NaN,NaN
Town Rescue - Bird,NaN,NaN,NaN
Town Rescue - Fireman,NaN,NaN,NaN
Town Rescue - Cat,NaN,NaN,NaN
Town Rescue - Policewoman,NaN,NaN,NaN
Town Rescue - Dog,NaN,NaN,NaN
Emmet's 'Piece' Offering,3.99,44,1
Fire ATV,NaN,39,1
Sky Police Jetpack,NaN,33,2
Race Boat,3.99,34,1
Popcorn Cart,NaN,43,1
Space Satellite,NaN,36,1
Naboo Starfighter,NaN,48,NaN
Snowspeeder,NaN,49,NaN
Minecraft Steve and Creeper Set,NaN,36,2
Tulips,NaN,90,NaN
Emma's Bumper Cars,3.99,66,1
Mia's Water Fun,NaN,28,1
Spider-Man's Mini Spider Crawler,NaN,73,1
Iron Man and Dum-E,NaN,38,1
Rex's Plantimal Ambush,3.89,32,1
Podracer,NaN,58,NaN
Lucy vs. Alien Invader,NaN,44,1
Mini Master-Building MetalBeard,NaN,42,1
Mini Master-Building Emmet,3.89,49,1
Sam-X,NaN,56,NaN
Ninja Workout,NaN,31,1
Fire Flight,NaN,54,1
Fish Free Builds - Make It Yours,NaN,39,NaN
Elsa's Winter Throne,3.99,42,1
Pelican,3.89,62,NaN
Race Car,3.99,68,NaN
Santa,NaN,67,NaN
Star-Stuck Emmet,NaN,41,1
SHAZAM!,NaN,5,1
Obi-Wan Kenobi - Collectable Minifigure,NaN,12,1
Futuristic Flyer,14.61,157,NaN
Dune Buggy,12.66,147,NaN
Deep Sea Creatures,14.99,230,NaN
Sunset Track Racer,19.99,221,NaN
Underwater Robot,19.99,207,NaN
Shuttle Transporter,24.36,341,NaN
Helicopter Adventure,9.74,114,NaN
Riverside Houseboat,29.99,396,2
Race Plane,29.23,333,1
Fairground Carousel,48.73,595,3
Twin-Rotor Helicopter,48.73,569,1
Townhouse Pet Shop & Café,79.99,969,3
Outback Cabin,29.23,305,2
Year of the Pig,NaN,152,NaN
MSC Cruises,NaN,181,NaN
Jet Fighter,NaN,23,NaN
Caterpillar,NaN,48,NaN
Viking Ship,NaN,54,NaN
Ladybird,NaN,27,NaN
Crane,NaN,64,NaN
Frog,NaN,39,NaN
Ice Cream Truck,NaN,48,NaN
Racing Car,NaN,50,NaN
Eagle,NaN,56,NaN
UFO,NaN,36,NaN
Wolf,NaN,47,NaN
Penguin,NaN,47,NaN
Battle of Hoth - 20th Anniversary Edition,NaN,195,NaN
Avengers Tower,NaN,211,1
Space Rocket Ride,NaN,154,1
Newbury Juice Bar,NaN,127,2
Microscale Gingerbread House,19.48,499,NaN
Christmas Tree,NaN,392,NaN
Sea Accessories,3.99,24,NaN
NINJAGO Minifigure Set,12.99,59,4
Spider-Man and the Museum Break-In,14.61,49,3
Summer Celebration Minifigure Pack,12.99,45,4
Mars Exploration Minifigure Pack,12.66,44,4
LEGOLAND® Park,NaN,1336,11
LEGOLAND® Driving School Cars,NaN,209,4
Birthday Clown,9.99,150,NaN
Valentine's Puppy,9.99,147,NaN
Easter Chick,9.99,120,NaN
Halloween Ghost,9.74,136,NaN
Thanksgiving Scarecrow,9.99,177,NaN
"Reindeer, Elf and Elfie",19.99,281,NaN
Dragon Dance Guy,9.99,170,NaN
LEGO House Exclusive Minifigure 2019,NaN,7,1
LEGO Store Picture Frame,14.99,170,1
Name Sign,9.99,91,NaN
Olaf's Traveling Sleigh,NaN,97,1
Battle of Endor,NaN,197,NaN
LEGO House Dinosaurs,NaN,864,NaN
Lady Liberty,9.99,153,NaN
Xmas Accessories,3.99,32,1
Rebuild the World minifigure,NaN,6,NaN
1989 Batmobile - Limited Edition,NaN,366,NaN
Reindeer,NaN,77,NaN
Plants from Plants,NaN,29,NaN
Jasmine's Petite Tower,9.99,49,1
Cinderella's Carriage Ride,19.99,91,1
Ariel's Castle,24.99,115,1
Aladdin's and Jasmine's Palace Adventures,29.99,193,2
"Ariel, Aurora, and Tiana's Royal Celebration",44.99,282,3
Rapunzel's Small Tower,9.99,44,1
Enchanted Treehouse,48.73,302,3
Anna's Canoe Expedition,19.99,108,2
Elsa and the Reindeer Carriage,29.99,116,1
Arendelle Castle Village,79.99,521,3
Elsa's Jewellery Box Creation,39.99,300,1
Olaf,14.61,122,NaN
Underwater Loop,29.23,389,2
Andrea's Heart Box,7.99,84,1
Emma's Heart Box,7.99,85,1
Stephanie's Heart Box,7.99,85,1
Olivia's Heart Box,7.99,85,2
Mia's Heart Box,7.99,83,1
Heart Box Friendship Pack,19.99,199,2
Emma's Mobile Veterinary Clinic ,9.74,50,1
Mia's Foal Stable ,19.49,118,1
Heartlake City Supermarket,29.23,140,2
Mia's Forest Adventure,14.99,134,1
Stephanie's Buggy & Trailer ,19.99,166,1
Emma's Art Studio,24.99,235,2
Olivia's Cupcake Cafe,29.23,335,2
Stephanie's Horse Jumping,38.98,337,2
Andrea's Talent Show,49.99,492,2
Mia's House,68.23,715,3
Mia's Horse Trailer,29.23,216,2
Stephanie's Gymnastics Show,29.23,241,2
Funny Octopus Ride,38.98,324,2
Andrea's Pool Party,48.73,468,2
Heartlake City Amusement Pier,126.71,1251,7
Turtles Rescue Mission,19.49,225,2
Dolphins Rescue Mission,38.98,363,2
Heartlake City Restaurant,58.48,624,3
Lighthouse Rescue Centre,58.48,602,2
Rescue Mission Boat,87.72,908,4
LEGO Friends Advent Calendar,24.99,330,3
Olivia's Hamster Playground,9.74,81,1
Andrea's Summer Heart Box,7.99,83,1
Emma's Summer Heart Box,7.99,86,1
Stephanie's Summer Heart Box,7.99,95,1
Olivia's Summer Heart Box,7.99,93,2
Mia's Summer Heart Box,7.99,85,1
Emmet,NaN,113,NaN
Wyldstyle,NaN,134,NaN
Benny,NaN,103,NaN
Sweet Mayhem,NaN,137,NaN
Cherry Picker,9.74,155,NaN
Power Boat,14.99,174,NaN
Getaway Truck,19.99,128,NaN
Police Pursuit,19.49,120,NaN
Rescue Helicopter,29.99,325,NaN
Chevrolet Corvette ZR1,39.99,579,NaN
Tracked Loader,59.99,827,NaN
Remote-Controlled Stunt Racer,79.99,324,NaN
Porsche 911 RSR,199.99,1580,NaN
Compact Crawler Crane,87.72,920,NaN
Car Transporter,149.99,2493,NaN
4x4 X-Treme Off-Roader,229.99,958,NaN
Liebherr R 9800,449.99,4108,NaN
Land Rover Defender,199.99,2573,NaN
Elsa's Ice Palace,69.99,701,7
City Shaper Challenge Kit,NaN,2238,1
BOOMTOWN BUILD Inspire Set,NaN,739,NaN
BOOMTOWN BUILD Discovery Set,NaN,78,4
Ski Resort,77.97,806,11
Jet Patrol,9.74,54,2
Sky Police Drone Chase,19.49,192,3
Parachute Arrest,29.23,218,4
Diamond Heist,49.99,400,4
Air Base,73.1,529,6
Barbecue Burn Out,9.74,64,2
Dock Side Fire,14.61,97,2
Burger Bar Fire Rescue,29.99,327,3
Fire Station,59.99,509,4
Downtown Fire Brigade,99.99,943,7
Fire Plane,38.98,363,3
Desert Rally Racer,9.99,75,1
Construction Loader,9.99,88,1
Garbage Truck,19.99,90,2
Diving Yacht,19.99,148,2
Snow Groomer,19.49,197,2
Harvester Transport,29.99,358,3
Satellite Service Mission,9.74,84,1
Rover Testing Drive,19.49,202,2
Mars Research Shuttle,29.99,273,2
Lunar Space Station,48.73,412,5
Deep Space Rocket and Launch Control,99.99,837,7
Rocket Assembly & Transport,129.99,1055,8
People Pack - Space Research and Development,38.98,209,15
Fire Chief Response Truck,19.49,201,2
Garage Centre,38.98,234,4
Donut Shop Opening,79.99,790,10
People Pack - Fun Fair,38.98,183,14
LEGO City Advent Calendar,19.99,234,8
Straight & T-Junction ,9.74,2,NaN
Curves & Crossroad,9.74,2,NaN
Police Patrol Car,9.99,92,1
Kayak Adventure,9.99,84,1
Super Pack 3-in-1,NaN,NaN,NaN
Super Pack 2-in-1 ,NaN,NaN,NaN
Super Pack 2-in-1 ,NaN,NaN,NaN
Bonus/Value pack,NaN,218,NaN
Bonus/Value pack,NaN,125,NaN
2-in-1 Value Pack: Star-Lord & Gamora,NaN,249,NaN
Super Pack 3-in-1,NaN,NaN,NaN
Super Pack 3-in-1,NaN,NaN,NaN
Super Pack 3-in-1,NaN,NaN,NaN
J.B.'s Ghost Lab,19.99,174,3
Wrecked Shrimp Boat,29.23,310,4
Graveyard Mystery,29.23,335,4
El Fuego's Stunt Truck,38.98,428,4
Shrimp Shack Attack,48.73,579,5
Paranormal Intercept Bus 3000,58.48,689,5
Ghost Train Express,77.97,698,6
Newbury Haunted High School,116.97,1474,8
Spinjitzu Kai,9.99,97,1
Spinjitzu Jay,9.99,97,1
Spinjitzu Zane,9.99,109,1
Spinjitzu Cole,9.99,117,1
Spinjitzu Nya & Wu,19.99,227,2
Spinjitzu Lloyd vs. Garmadon,19.99,208,2
The Samurai Mech,14.61,154,3
The Golden Dragon,19.49,171,3
Kai's Blade Cycle & Zane's Snowmobile,29.99,376,4
Jay's Storm Fighter,38.98,490,4
Cole's Earth Driller ,49.99,587,4
Monastery of Spinjitzu,77.97,1070,8
Lloyd's Journey,14.61,81,2
Cole's Dirt Bike,19.49,212,3
Shuricopter,29.23,361,3
Fire Fang,43.86,463,4
Katana 4X4,48.73,450,5
Lloyd's Titan Mech,68.23,876,6
Land Bounty,126.71,1178,9
Castle of the Forsaken Emperor,97.47,1218,7
The Ultra Dragon,87.72,951,6
Monastery Training,9.99,122,2
Spinjitzu Slam - Lloyd,9.74,70,1
Spinjitzu Slam - Jay,9.74,72,1
Spinjitzu Slam - Zane,9.99,63,1
Spinjitzu Slam - Kai vs. Samurai,19.49,164,2
LEGO Movie Maker,49.99,482,6
Emmet and Benny's 'Build and Fix' Workshop!,19.99,117,2
Unikitty's Sweetest Friends EVER!,9.99,76,3
Emmet's Thricycle!,14.99,174,1
Introducing Queen Watevra Wa'Nabi,19.99,115,4
Queen Watevra's Build Whatever Box!,39.99,455,NaN
Rex's Rex-treme Offroader!,29.99,236,2
Ultrakatty & Warrior Lucy!,29.99,348,2
Pop-Up Party Bus,89.99,1024,4
Emmet and Lucy's Escape Buggy!,49.99,550,4
Sweet Mayhem's Systar Starship!,69.99,502,3
Emmet's Dream House/Rescue Rocket!,59.99,706,4
Emmet's Builder Box!,29.99,125,1
Lucy's Builder Box!,29.99,141,2
MetalBeard's Heavy Metal Motor Trike!,59.99,461,2
Rex's Rexplorer!,119.99,1187,2
Battle-Ready Batman and MetalBeard,19.99,168,2
Shimmer & Shine Sparkle Spa!,69.99,691,8
Queen Watevra's 'So-Not-Evil' Space Palace,99.99,995,5
The Rexcelsior!,149.99,1826,4
Welcome to Apocalypseburg!,299.99,3178,13
Benny's Space Squad,9.99,68,5
Emmet's Triple-Decker Couch Mech,29.99,312,3
Good Morning Sparkle Babies!,9.99,50,4
Systar Party Crew,19.99,196,2
Wyld-Mayhem Star Fighter,49.99,405,4
LEGO Minifigures - The LEGO Movie 2 Series {Random bag},NaN,NaN,NaN
Awesome Remix Emmet,NaN,7,1
Battle-Ready Lucy,NaN,8,1
Apocalypse Benny,NaN,8,1
Giraffe Guy,NaN,6,1
Crayon Girl,NaN,6,1
Sherry Scratchen-Post & Scarfield,NaN,6,1
Hula Lula,NaN,8,1
Watermelon Dude,NaN,6,1
Flashback Lucy,NaN,7,1
Swamp Creature,NaN,6,1
Candy Rapper,NaN,8,1
Gone Golfin' President Business,NaN,6,1
Apocalypseburg Abe,NaN,7,1
Vest Friend Rex,NaN,6,1
Kitty Pop,NaN,7,1
Dorothy Gale & Toto,NaN,7,1
Cowardly Lion,NaN,6,1
Scarecrow,NaN,6,1
Tin Man,NaN,8,1
Unikitty,NaN,15,1
LEGO Minifigures - The LEGO Movie 2 Series - Complete,NaN,144,20
LEGO Minifigures - The LEGO Movie 2 Series - Sealed Box,3.99,NaN,NaN
LEGO Minifigures - Disney Series 2 {Random bag},NaN,NaN,NaN
Vintage Mickey,3.99,6,1
Vintage Minnie,3.99,7,1
Huey Duck,3.99,7,1
Dewey Duck,3.99,7,1
Louie Duck,3.99,8,1
Scrooge McDuck,3.99,8,1
Chip,3.99,6,1
Dale,3.99,5,1
Elsa,3.99,7,1
Anna,3.99,8,1
Jafar,3.99,8,1
Jasmine,3.99,6,1
Hades,3.99,6,1
Hercules,3.99,8,1
Sally,3.99,7,1
Jack Skellington,3.99,10,1
Edna Mode,3.99,8,1
Frozone,3.99,7,1
LEGO Minifigures - Disney Series 2 - Complete,NaN,129,18
LEGO Minifigures - Disney Series 2 - Sealed Box,3.99,NaN,NaN
LEGO Minifigures - Series 19 {Random Bag},NaN,NaN,NaN
Video Game Champ,NaN,7,1
Shower Guy,NaN,8,1
Fright Knight,NaN,9,1
Monkey King,NaN,12,1
Programmer,NaN,10,1
Mummy Queen,NaN,6,1
Jungle Explorer,NaN,8,1
Fire Fighter,NaN,6,1
Dog Sitter,NaN,9,1
Pizza Costume Guy,NaN,6,1
Galactic Bounty Hunter,NaN,8,1
Gardener,NaN,7,1
Rugby Player,NaN,6,1
Fox Costume Girl,NaN,8,1
Bear Costume Guy,NaN,7,1
Mountain Biker,NaN,10,1
LEGO Minifigures - Series 19 - Complete,3.99,127,16
LEGO Minifigures - Series 19 - Sealed Box,NaN,NaN,NaN
Disney Train and Station,329.99,2925,5
Naboo Starfighter Microfighter,9.99,62,1
Sith Infiltrator Microfighter,9.99,92,1
Elite Praetorian Guard Battle Pack,14.99,109,5
Inferno Squad Battle Pack,14.99,118,4
Darth Vader Bust,NaN,327,NaN
Escape Pod vs. Dewback Microfighters,19.99,177,3
Death Star Escape,29.99,329,4
Kylo Ren & Sith Trooper,19.99,240,NaN
Droid Gunship,59.99,389,4
AT-AP Walker,68.23,689,5
X-wing Starfighter Trench Run,29.23,132,3
Duel on Starkiller Base,19.99,191,2
TIE Fighter Attack,19.99,77,2
Action Battle Endor Assault,29.23,193,2
Action Battle Hoth Generator Attack,29.23,235,2
Major Vonreg's TIE Fighter,68.23,496,4
Action Battle Echo Base Defense,58.48,504,6
Black Ace TIE Interceptor,48.73,396,3
Slave I - 20th Anniversary Edition,116.97,1007,5
Tantive IV,194.95,1768,6
LEGO Star Wars Advent Calendar,29.99,280,9
Death Star Cannon,19.49,159,2
Rebel A-wing Starfighter,14.99,62,2
Resistance A-wing Starfighter,29.23,269,2
Resistance Y-wing Starfighter,69.99,578,5
Pasaana Speeder Chase,48.73,373,4
Darth Vader's Castle,129.99,1060,6
Imperial Star Destroyer,699.99,4784,2
Droid Commander,194.95,1177,NaN
AT-ST Raider,59.99,540,4
Yoda,119.99,1771,1
Kylo Ren's Shuttle,119.99,1005,6
Millennium Falcon,169.99,1351,7
Anakin's Podracer – 20th Anniversary Edition,29.23,279,3
Snowspeeder – 20th Anniversary Edition,39.99,309,4
Clone Scout Walker – 20th Anniversary Edition,29.99,250,5
Imperial Dropship – 20th Anniversary Edition,19.99,125,5
Mini Boost Droid Commander,NaN,62,3
The Upside Down,199.99,2287,8
Ferrari F40 Competizione,14.99,198,1
Chevrolet Camaro ZL1 Race Car,14.99,198,1
McLaren Senna,14.99,219,1
2018 Dodge Challenger SRT Demon and 1970 Dodge Charger R/T,39.99,478,3
1967 Mini Cooper S Rally and 2018 MINI John Cooper Works Buggy,48.73,481,4
1974 Porsche 911 Turbo 3.0,14.99,180,1
Dilophosaurus on the Loose,24.36,168,3
Baryonyx Face-Off: The Treasure Hunt,59.99,434,4
Jurassic Park: T. rex Rampage,249.99,3120,6
Triceratops Rampage,58.48,447,4
T. rex vs Dino-Mech Battle,87.72,716,4
Expecto Patronum,19.49,121,4
Hungarian Horntail Triwizard Challenge,34.11,265,4
Hagrid's Hut: Buckbeak's Rescue,59.99,496,6
Hogwarts Clock Tower,99.99,922,8
The Knight Bus,39.99,403,3
Beauxbatons' Carriage: Arrival at Hogwarts ,48.73,430,4
LEGO Harry Potter Advent Calendar,24.99,305,8
The Rise of Voldemort,19.49,184,6
Tracer vs. Widowmaker,14.99,129,2
Hanzo vs. Genji,24.36,197,3
Dorado Showdown,29.99,419,3
D.Va & Reinhardt,39.99,455,2
Bastion,58.48,602,NaN
Watchpoint: Gibraltar,87.72,730,4
Wrecking Ball,19.49,227,1
Junkrat & Roadhog,48.73,380,2
Spider-Man Bike Rescue,24.36,235,3
Spider-Man's Spider Crawler,38.98,418,4
Spider Mech vs. Venom,48.73,604,4
Batman Batsub and the Underwater Clash,24.99,174,3
Batman Mech vs. Poison Ivy Mech ,39.99,375,4
Mr. Freeze Batcycle Battle,24.36,200,3
Batmobile: Pursuit of The Joker,29.23,342,2
Batwing and The Riddler Heist,48.73,489,4
Batcave Clayface Invasion,97.47,1038,6
Captain America: Outriders Attack,24.36,167,4
War Machine Buster,34.11,362,4
Iron Man Hall of Armor,59.99,524,6
Avengers Ultimate Quinjet,77.97,838,6
Captain Marvel and The Skrull Attack,29.23,307,3
Molten Man Battle,29.23,294,3
Hydro-Man Attack,39.99,471,4
Stark Jet and the Drone Attack,58.48,504,4
Avengers Compound Battle,97.47,699,7
Spider-Man Car Chase,9.99,52,2
Spider-Man: Doc Ock Diamond Heist,29.99,150,3
Batman vs. The Riddler Robbery,9.74,59,2
Batman and The Joker Escape,38.98,171,4
1989 Batmobile,249.99,3306,3
Avengers Hulk Helicopter Rescue,58.48,482,5
Sith Trooper Bust,NaN,484,NaN
Captain Marvel and the Asis,NaN,271,2
The Dark Knight of Gotham City,NaN,427,1
Chinese New Year's Eve Dinner,NaN,615,6
Dragon Dance,NaN,622,5
Dragon Boat Race,49.99,643,15
Koi,NaN,293,NaN
Shark Skin,NaN,31,NaN
Splash Koi Skin,NaN,33,NaN
Ink Koi Skin,NaN,33,NaN
Boost Hub,79.99,1,NaN
Colour & Distance Sensor,13.99,1,NaN
Medium Linear Motor,16.99,1,NaN
Train Motor,13.99,7,NaN
Garmadon,NaN,10,1
Garmadon,NaN,10,1
Wu,NaN,1,1
Wu,NaN,1,1
Kai vs. Wyplash,NaN,13,2
Kai vs. Wyplash,NaN,13,2
Jay Vs. Lasha,NaN,12,2
Jay vs. Lasha,NaN,12,2
Baby Raptor,NaN,33,NaN
Owen with Baby Raptor,NaN,7,1
Batman with Batarang,NaN,7,1
Robin,NaN,7,1
Superman,NaN,8,1
The Flash,NaN,6,1
Joker,NaN,9,1
Batman,NaN,6,1
Show Jump,NaN,34,NaN
Emmet with Tools,NaN,9,1
Rex with Jetpack,NaN,NaN,1
Emma's Kitty Chico,NaN,22,NaN
Shop with Costumes,NaN,30,NaN
Sweet Baby,NaN,15,1
Bear's Cave,NaN,22,NaN
Andrea's Booth with Waffles,NaN,29,NaN
Robot on paddleboard,NaN,18,1
Ice Cream Parlour,NaN,38,NaN
Andrea's Stage,NaN,21,NaN
Stephanie's Puppy Dash,NaN,20,NaN
Halloween Store,NaN,15,NaN
Olivia's Bakery,NaN,38,NaN
Jack,NaN,8,1
Possessed Pizza Delivery Man,NaN,6,1
Parker,NaN,6,1
TLM2 Accessory Set 2019,12.99,48,4
Oni Battle Pack,12.99,36,3
Emmet Key Chain,4.86,NaN,NaN
Lucy Key Chain,4.99,NaN,NaN
Emmet's Construction Worker Vest,14.99,NaN,NaN
Batarang,7.79,NaN,NaN
Flail,NaN,NaN,NaN
Emmet Mask,9.99,NaN,NaN
Lucy Hair,4.99,NaN,NaN
Emmet Pod,8.99,27,1
Sweet Mayhem's Disco Pod,8.76,28,1
TLM2 Tumbler with Straw,7.99,NaN,NaN
TLM2 Hydration Bottle,12.99,NaN,NaN
TLM2 Notebook,12.99,NaN,NaN
Emmet Plush,24.99,NaN,NaN
Lucy Plush,24.36,NaN,NaN
Friends Creative Bag Charms,5.99,NaN,NaN
Stephanie Key Chain,4.99,NaN,NaN
Olivia Key Chain,4.99,NaN,NaN
Friends Phone Cover,24.99,NaN,NaN
Friends Tumbler with Straw,7.79,NaN,NaN
Cookie Cutters,9.74,NaN,NaN
LEGO Friends Ceramic Mug,14.99,NaN,NaN
LEGO Friends Hair Accessory Set,9.99,NaN,NaN
Jay Keyring,4.86,NaN,NaN
Nya Keyring,4.86,NaN,NaN
Lloyd's Kendo Training Pod,8.99,25,1
4 4x4 Magnets,7.79,NaN,NaN
NINJAGO Tumbler with Straw,7.99,NaN,NaN
Creative Bag Charm,5.99,NaN,NaN
Brick Suit Guy Key Chain,4.86,NaN,NaN
Cactus Boy Key Chain,5.99,NaN,NaN
Elephant Girl Key Chain,4.99,NaN,NaN
LEGO Greeting Card,4.99,40,1
LEGO Toy Soldier Ornament,7.99,43,NaN
Drinking cup,NaN,NaN,NaN
LEGO® Minifigure Ceramic Mug,14.99,NaN,NaN
LEGO Brick Ice Cube Tray,9.74,NaN,NaN
Ice Lollipop Tray,NaN,NaN,NaN
LEGO Key Hanger,9.74,NaN,NaN
London Bus Magnet,9.99,NaN,NaN
4 4x4 Magnets,7.79,NaN,NaN
Creative Stationery Set,16.99,NaN,NaN
City Firefighter Key Chain,4.99,NaN,NaN
City Police Vest,NaN,NaN,NaN
LEGO DUPLO Tableware,14.61,NaN,NaN
Brick Stickers,5.99,17,NaN
Creative Rings,NaN,43,NaN
Stormtrooper Keyring,5.99,NaN,NaN
Luke Skywalker Key Chain,4.99,NaN,NaN
Princess Leia Key Chain,4.99,NaN,NaN
Kylo Ren Key Chain,4.86,NaN,NaN
Spider Man Key Chain,5.99,NaN,NaN
Batman Key Chain,5.99,NaN,NaN
Superman Key Chain,5.99,NaN,NaN
Batwoman Key Chain,5.99,NaN,NaN
Ariel Key Chain,4.99,NaN,NaN
Aurora Key Chain,4.99,NaN,NaN
Creeper Key Chain,4.99,NaN,NaN
Chicken Skater Pod,NaN,36,1
2x6 Key Chain,4.99,NaN,NaN
TLM2 Stop Sign Shield,15.99,NaN,NaN
Wooden Minifigure,116.97,NaN,NaN
"Wooden Minifigure, Colette Mon Amour Edition",NaN,NaN,NaN
Elsa Key Chain,5.99,NaN,NaN
Anna Key Chain,5.99,NaN,NaN
Olaf Key Chain,4.99,NaN,NaN
Minifigure Factory Box,NaN,NaN,NaN
Young Wu,NaN,9,1
Jay,NaN,8,1
Heavy Metal,NaN,11,1
Iron Baron,NaN,7,1
Lloyd,NaN,10,1
Daddy No Legs,NaN,28,1
Nya,NaN,9,1
Blizzard Samurai,NaN,9,1
Cole,NaN,14,1
Pyro Whipper,NaN,8,1
Kai,NaN,10,1
Blizzard Samurai,NaN,8,1
Zane,NaN,8,1
Jay,NaN,9,1
Luke Skywalker,NaN,6,1
Resistance Bomber,NaN,37,NaN
Slave I,NaN,31,NaN
U-wing,NaN,37,NaN
IG-88,NaN,11,1
AT-M6,NaN,52,NaN
Millennium Falcon,NaN,32,NaN
B-wing,NaN,52,NaN
First Order Stormtrooper ,NaN,5,1
Jedi Interceptor,NaN,30,NaN
First Order SF TIE Fighter,NaN,32,NaN
Kylo Ren's TIE Silencer,NaN,33,NaN
Police Officer and Jet,NaN,22,1
Fireman,NaN,9,1
Lawnmower,NaN,27,1
Police Officer with Jetpack,NaN,10,1
Gyrocopter,NaN,29,1
Diver,NaN,16,1
Police Buggy,NaN,27,1
Astronaut,NaN,18,2
Pizza Delivery Biker,NaN,10,1
Traffic Cop,NaN,9,1
Space Buggy,NaN,17,1
Lumberjack,NaN,13,1
FIRST Competitions Medal,NaN,18,NaN
Spike Prime Marketing Kit,NaN,150,NaN
BOOMTOWN BUILD Discover More,NaN,12,NaN
Butterfly,NaN,45,NaN
LEGO System House,NaN,985,NaN
LEGO Play Day polybag,NaN,39,5
Christmas X-wing,NaN,1038,3
Reusable Bag,NaN,NaN,NaN
Yoda Minifigure Link Watch,NaN,NaN,NaN
2x4 Red Luggage Tag,4.99,NaN,NaN
2x4 Blue Luggage Tag,4.99,NaN,NaN
LEGO Pencils 6 pack,3.99,NaN,NaN
Building a Dream - The Story of the LEGO House,NaN,NaN,NaN
Emma Buildable Watch,NaN,NaN,NaN
Boy Luggage Tag,7.99,NaN,NaN
Storage Bag,NaN,NaN,NaN
Emmet Alarm Clock,29.99,NaN,NaN
Wyldstyle Alarm Clock,29.23,NaN,NaN
Emmet Minifigure Link Watch,24.99,NaN,NaN
Unikitty Buildable Watch with Figure Link,24.99,NaN,NaN
Wyldstyle Minifigure Link Watch,24.36,NaN,NaN
Hot Dog Guy Key Light,12.99,NaN,NaN
Banana Guy Key Light,12.99,NaN,NaN
Batman Luggage Tag,7.99,NaN,NaN
Emmet Luggage Tag,7.99,NaN,NaN
Sweet Mayhem Luggage Tag,7.99,NaN,NaN
Unikitty Luggage Tag,7.99,NaN,NaN
Unikitty Night Light,34.99,NaN,NaN
THE LEGO MOVIE 2 Sticker Roll,3.99,NaN,NaN
Batman Key Light,12.99,NaN,NaN
Emmet Key Light,12.99,NaN,NaN
Unikitty Key Light,12.99,NaN,NaN
Boy NiteLite,NaN,NaN,NaN
Girl NiteLite,NaN,NaN,NaN
Unikitty Torch,NaN,NaN,NaN
Bag Tag,NaN,NaN,NaN
Lunch Set Iconic Girl,NaN,NaN,NaN
The LEGO Movie 2 Awesome Trading Cards,NaN,NaN,NaN
The LEGO Movie 2 Awesome Collector Album,NaN,NaN,NaN
Holographic Brick Backpack,NaN,NaN,NaN
Boba Fett Bag Tag,7.99,NaN,NaN
Darth Vader Bag Tag,7.99,NaN,NaN
R2 D2 Bag Tag,7.99,NaN,NaN
Yoda Bag Tag,NaN,NaN,NaN
Exclusive LEGO Ford Mustang Key Chain,NaN,NaN,NaN
20th Anniversary Darth Vader Brick Clock,29.99,NaN,NaN
20th Anniversary Darth Vader Link Watch,24.99,NaN,NaN
Stormtrooper Bag Tag,7.99,NaN,NaN
Emmet Clip,NaN,NaN,NaN
Unikitty Clip,NaN,NaN,NaN
LEGO Star Wars Notebook with Gel Pen,17.99,NaN,NaN
Sweet Mayhem Clip,NaN,NaN,NaN
Benny Clip,NaN,NaN,NaN
Emmet Minifigure Plush,NaN,NaN,NaN
Unikitty Plush,NaN,NaN,NaN
Captain Marvel Black & White Art Print,NaN,NaN,NaN
Captain Marvel Art Print,NaN,NaN,NaN
Avengers: Endgame art print,NaN,NaN,NaN
Avengers: Endgame Black & White Art Print,NaN,NaN,NaN
Spider-Man: Far From Home Art Print,NaN,NaN,NaN
Spider-Man: Far From Home Black & White Art Print,NaN,NaN,NaN
THE LEGO MOVIE 2: The Second Part (Blu-ray + DVD),NaN,NaN,NaN
20th Anniversary Star Wars Poster,NaN,NaN,NaN
Star Wars 20th anniversary art print,NaN,NaN,NaN
Minifigure Notebook,12.66,NaN,NaN
Lloyd Luggage Tag,7.99,NaN,NaN
Mechanical Pencil,3.99,NaN,NaN
2x4 Brick Luggage Tag,7.99,NaN,NaN
"Red, Bright Blue and Yellow Wall Hanger Set",14.99,NaN,NaN
NASA Apollo 11 Lunar Lander Patch,NaN,NaN,NaN
Reversible Canvas Tote Bag ,NaN,NaN,NaN
Minifigure Belight Backpack,44.99,NaN,NaN
Friends Belight Backpack,44.99,NaN,NaN
NINJAGO Belight Backpack,43.86,NaN,NaN
NINJAGO Pencil Roll,7.99,NaN,NaN
Friends Pencil Roll,7.79,NaN,NaN
Minifigure Pencil Roll,7.79,NaN,NaN
Teen Minifigure Backpack,49.99,NaN,NaN
Minifigure Drawstring Bag,11.69,NaN,NaN
Kindergarten Backpack,19.99,NaN,NaN
Minifigure Lunch Box,6.99,NaN,NaN
NINJAGO Lunch Box,6.81,NaN,NaN
Stranger Things Sketchbook,NaN,NaN,NaN
Stranger Things Poster,NaN,NaN,NaN
Back to School Pack,NaN,NaN,NaN
Belgian Patent for LEGO Elements 1958,NaN,NaN,NaN
"1st Edition Elephant Water Colour Print, Circa 1937",NaN,NaN,NaN
"1st Edition of Wooden Duck Print, 1958",NaN,NaN,NaN
Toy Hen and Chicks Art Print,NaN,NaN,NaN
Australian Patent LEGO Minifigure 1977,NaN,NaN,NaN
Japanese Patent LEGO Duplo Brick 1968 Art Print,NaN,NaN,NaN
VIP Gifting Set,NaN,NaN,NaN
Picnic Blanket,NaN,NaN,NaN
LEGO Lunchbox,NaN,NaN,NaN
LEGO Batman Deluxe Costume,39.99,NaN,NaN
Santa Bag Tag,7.99,NaN,NaN
Holiday Bag Tag R2 D2,NaN,NaN,NaN
Holiday Bag Tag Chewbacca,7.79,NaN,NaN
Holiday Bag Tag Darth Vader,NaN,NaN,NaN
Holiday Bag Tag Yoda,7.79,NaN,NaN
Brick Friday 2019 Minifigure,NaN,NaN,1
Brick Friday 2019 Brick,NaN,1,NaN
LEGO Masters Shopping Bag,NaN,NaN,NaN
Chewbacca Plush,26.99,NaN,NaN
Lion Dance,NaN,NaN,NaN
Piglet,NaN,723,NaN
Spring,NaN,125,NaN
Summer,NaN,103,NaN
Autumn,NaN,126,NaN
Winter,NaN,113,NaN
Reindeer ornament,NaN,NaN,NaN
Snowman ornament,NaN,NaN,NaN
Santa ornament,NaN,NaN,NaN
Christmas tree ornament,NaN,NaN,NaN
Surfer Van,NaN,62,1
Buildable 2x4 Red Brick,NaN,72,NaN
Buildable 2x4 Red Brick,NaN,72,NaN
Windmill,NaN,127,NaN
Amsterdam BrickHeadz,NaN,110,NaN
Tantive IV,NaN,56,NaN
Summer Sailboat,NaN,37,NaN
100 Stores minifigure,NaN,1,1
Arendelle Castle,NaN,62,NaN
Beijing BrickHeadz,NaN,110,NaN
Minifigure box,NaN,NaN,NaN
Löwenstein Castle,NaN,2015,3
Antique Fire Engine,NaN,1278,NaN
Skyline Express,NaN,1365,6
Wild West Saloon,NaN,1496,NaN
Isle of Peril,NaN,1301,NaN
Eight Studs,NaN,1393,2
Science Tower,NaN,1204,2
The LEGO Story,NaN,1442,4
Imagine it! Build it!,NaN,924,2
Hot Shot Carnival ,NaN,591,3
Vintage Roadster,NaN,474,NaN
Bikes!,NaN,519,2
Steampunk Mini Chess,NaN,371,NaN
Blocks magazine issue 52,NaN,NaN,NaN
Blocks magazine issue 53,NaN,NaN,NaN
Blocks magazine issue 54,NaN,NaN,NaN
Blocks magazine issue 55,NaN,NaN,NaN
Blocks magazine issue 56,NaN,NaN,NaN
Blocks magazine issue 57,NaN,NaN,NaN
Blocks magazine issue 58,NaN,NaN,NaN
Blocks magazine issue 59,NaN,NaN,NaN
Blocks magazine issue 60,NaN,NaN,NaN
Blocks magazine issue 61,NaN,NaN,NaN
Blocks magazine issue 62,NaN,NaN,NaN
Blocks magazine issue 63,NaN,NaN,NaN
Brick Fanatics magazine issue 3,NaN,NaN,NaN
Brick Fanatics magazine issue 4,NaN,NaN,NaN
Brick Fanatics magazine issue 5,NaN,NaN,NaN
Brick Fanatics magazine issue 6,NaN,NaN,NaN
Brick Fanatics magazine issue 7,NaN,NaN,NaN
Brick Fanatics magazine issue 8,NaN,NaN,NaN
Brick Fanatics magazine issue 9,NaN,NaN,NaN
Brick Fanatics magazine issue 10,NaN,NaN,NaN
Brick Fanatics magazine issue 11,NaN,NaN,NaN
Brick Fanatics magazine issue 12,NaN,NaN,NaN
BrickJournal Issue 55,NaN,NaN,NaN
BrickJournal Issue 56,NaN,NaN,NaN
BrickJournal Issue 57,NaN,NaN,NaN
BrickJournal Issue 58,NaN,NaN,NaN
BrickJournal Issue 59,NaN,NaN,NaN
BrickJournal Issue 60,NaN,NaN,NaN
Mini Captain Marvel Ship,NaN,46,NaN
Cologne BrickHeadz,NaN,110,NaN
Cool Car,NaN,49,NaN
Dragon,NaN,37,NaN
Easter Chick,NaN,30,NaN
Elephant,NaN,NaN,NaN
Mini Emmet's Dream House/Rescue Rocket,NaN,68,NaN
Flower,NaN,NaN,NaN
Ganymede,NaN,38,NaN
Mini Harley Davidson,NaN,71,NaN
"LEGO Star Wars: Visual Dictionary, New Edition",NaN,4,1
Star Wars Build Your Own Adventure: Galactic Missions,NaN,66,1
Amazing Vehicles,NaN,NaN,NaN
Harry Potter Build Your Own Adventure,NaN,101,NaN
"LEGO NINJAGO: Visual Dictionary, New Edition",NaN,5,1
Christmas Ideas,NaN,41,NaN
"LEGO Star Wars: Visual Dictionary, Anniversary Edition",NaN,4,1
Harry Potter The Magical Guide to the Wizarding World,NaN,NaN,NaN
Build Yourself Happy: The Joy of LEGO play,NaN,NaN,NaN
"Lego Action Vehicles: Police Helicopter, Fire Truck, Ambulance, and More",NaN,NaN,NaN
"Expanding the LEGO Winter Village, Volume 2",NaN,NaN,NaN
Building LEGO BrickHeadz Heroes - Volume One: The Unofficial Guide,NaN,NaN,NaN
Building LEGO BrickHeadz Villains- Volume One: The Unofficial Guide ,NaN,NaN,NaN
Expanding the LEGO Winter Village,NaN,NaN,NaN
Building Tales with Syd and Friends,NaN,NaN,NaN
New York City Brick by Brick,NaN,NaN,NaN
The Book of Bedtime Builds,NaN,68,NaN
Build It! Wild West,NaN,NaN,NaN
Build It! Monsters,NaN,NaN,NaN
Build a LEGO Mustang,NaN,NaN,NaN
Amazing LEGO Creations from Space with Bricks You Already Have,NaN,NaN,NaN
The LEGO Castle Book: Build Your Own Mini Medieval World,NaN,NaN,NaN
Knight Bus,NaN,36,NaN
Luke Skywalker,NaN,87,NaN
Olaf Box,NaN,50,NaN
Panda,NaN,NaN,NaN
Pig,NaN,NaN,NaN
Rat,NaN,754,NaN
Wally,NaN,47,NaN
Zebra Batman,NaN,5,NaN
Barb,NaN,4,1
PS4 Spider-Man,NaN,3,1
Golden Snitch,NaN,35,NaN
Castle Byers,NaN,48,NaN
Stormbreaker,NaN,27,NaN
Tantive IV,NaN,56,NaN
Tree in the Woods,NaN,53,NaN
X-wing Trench Run,NaN,52,NaN
Mini X-wing Fighter,NaN,60,NaN
